Step Name;Total Time;Ground Time;Solving Time;SAT;Additional Data
base_mapf;4.455284833908081;4.360562801361084;0.09472203254699707;True;"{""horizon"": 38}"
mapf_additional_horizon;4.781788110733032;4.647925138473511;0.13386297225952148;True;"{""horizon"": 39}"
mapf_additional_horizon;4.427559852600098;4.313299894332886;0.11425995826721191;True;"{""horizon"": 41}"
mapf_additional_horizon;5.804749965667725;5.6761369705200195;0.12861299514770508;True;"{""horizon"": 43}"
