Step Name;Total Time;Ground Time;Solving Time;SAT;Additional Data
base_mapf;6.266546964645386;6.13916802406311;0.1273789405822754;True;"{""horizon"": 40}"
mapf_additional_horizon;6.605672121047974;6.442974090576172;0.16269803047180176;True;"{""horizon"": 41}"
mapf_additional_horizon;6.630906105041504;6.440437078475952;0.19046902656555176;True;"{""horizon"": 43}"
mapf_additional_horizon;6.969590902328491;6.73627495765686;0.23331594467163086;True;"{""horizon"": 45}"
