Step Name;Total Time;Ground Time;Solving Time;SAT;Additional Data
base_mapf;5.679527997970581;5.620110034942627;0.0594179630279541;True;"{""horizon"": 21}"
mapf_additional_horizon;5.742501974105835;5.670375108718872;0.07212686538696289;True;"{""horizon"": 22}"
mapf_additional_horizon;6.773480176925659;6.691265106201172;0.0822150707244873;True;"{""horizon"": 24}"
mapf_additional_horizon;8.01173186302185;7.918155908584595;0.09357595443725586;True;"{""horizon"": 26}"
