Step Name;Total Time;Ground Time;Solving Time;SAT;Additional Data
base_mapf;4.888695955276489;4.794481039047241;0.09421491622924805;True;"{""horizon"": 43}"
mapf_additional_horizon;5.24344801902771;5.095885992050171;0.14756202697753906;True;"{""horizon"": 44}"
mapf_additional_horizon;5.690551996231079;5.4814300537109375;0.2091219425201416;True;"{""horizon"": 46}"
mapf_additional_horizon;5.979748010635376;5.789933204650879;0.18981480598449707;True;"{""horizon"": 48}"
