Step Name;Total Time;Ground Time;Solving Time;SAT;Additional Data
base_mapf;0.24563002586364746;0.24096107482910156;0.0046689510345458984;True;"{""horizon"": 12}"
mapf_additional_horizon;0.26743078231811523;0.2622828483581543;0.0051479339599609375;True;"{""horizon"": 13}"
mapf_additional_horizon;0.3199329376220703;0.31233906745910645;0.007593870162963867;True;"{""horizon"": 15}"
mapf_additional_horizon;0.33930397033691406;0.33208703994750977;0.007216930389404297;True;"{""horizon"": 17}"
