Step Name;Total Time;Ground Time;Solving Time;SAT;Additional Data
base_mapf;6.0079381465911865;5.930251121520996;0.07768702507019043;True;"{""horizon"": 28}"
mapf_additional_horizon;6.215187072753906;6.123234987258911;0.09195208549499512;True;"{""horizon"": 29}"
mapf_additional_horizon;6.61026406288147;6.5017828941345215;0.10848116874694824;True;"{""horizon"": 31}"
mapf_additional_horizon;8.935250997543335;8.816412925720215;0.11883807182312012;True;"{""horizon"": 33}"
