Step Name;Total Time;Ground Time;Solving Time;SAT;Additional Data
base_mapf;0.23188304901123047;0.2248849868774414;0.0069980621337890625;True;"{""horizon"": 16}"
mapf_additional_horizon;0.22046780586242676;0.21482181549072266;0.0056459903717041016;True;"{""horizon"": 17}"
mapf_additional_horizon;0.18770289421081543;0.18113398551940918;0.00656890869140625;True;"{""horizon"": 19}"
mapf_additional_horizon;0.2063601016998291;0.19837117195129395;0.007988929748535156;True;"{""horizon"": 21}"
