Step Name;Total Time;Ground Time;Solving Time;SAT;Additional Data
base_ipf;0.06169891357421875;0.04604601860046387;0.015652894973754883;True;"{""npaths"": 26.0, ""use_optimization"": false, ""horizon_modifier"": 0, ""additional_paths_computation"": false, ""additional_paths_horizon_modifier"": 2, ""nagent"": 5}"
heatmaps;0.021692991256713867;0.021692991256713867;0;True;{}
simple_threshold;0.005017518997192383;0.005017518997192383;0;True;"{""ncritical_vertex"": 2, ""bias"": 1}"
path_elimination;0.013653993606567383;0.010854959487915039;0.0027990341186523438;True;{}
path_selection;0.013672113418579102;0.011172056198120117;0.0025000572204589844;True;{}
strategy;0.013962030410766602;0.011703014373779297;0.0022590160369873047;True;{}
partial_solving;0.11164093017578125;0.10236001014709473;0.009280920028686523;True;"{""horizon"": 14, ""ngoal_reached"": 5, ""subgraph"": ""mapf/subgraph.lp"", ""precomputed_path"": false, ""nagent"": 5}"
