Step Name;Total Time;Ground Time;Solving Time;SAT;Additional Data
base_ipf;0.536700963973999;0.3061652183532715;0.23053574562072754;True;"{""npaths"": 220.0, ""use_optimization"": false, ""horizon_modifier"": 0, ""additional_paths_computation"": false, ""additional_paths_horizon_modifier"": 2, ""nagent"": 15}"
heatmaps;0.28581714630126953;0.28581714630126953;0;True;{}
simple_threshold;0.0069828033447265625;0.0069828033447265625;0;True;"{""ncritical_vertex"": 24, ""bias"": 1}"
path_elimination;0.13404202461242676;0.08579897880554199;0.048243045806884766;True;{}
path_selection;0.15191006660461426;0.10145401954650879;0.05045604705810547;True;{}
strategy;0.1616818904876709;0.09837102890014648;0.06331086158752441;True;{}
partial_solving;3.203378200531006;3.0495431423187256;0.15383505821228027;True;"{""horizon"": 28, ""ngoal_reached"": 15, ""subgraph"": ""mapf/subgraph.lp"", ""precomputed_path"": false, ""nagent"": 15}"
