Step Name;Total Time;Ground Time;Solving Time;SAT;Additional Data
base_mapf;0.23873400688171387;0.23385095596313477;0.0048830509185791016;True;"{""horizon"": 14}"
mapf_additional_horizon;0.2712829113006592;0.2641170024871826;0.0071659088134765625;True;"{""horizon"": 15}"
mapf_additional_horizon;0.3235800266265869;0.31729793548583984;0.00628209114074707;True;"{""horizon"": 17}"
mapf_additional_horizon;0.3278079032897949;0.32044386863708496;0.007364034652709961;True;"{""horizon"": 19}"
