Step Name;Total Time;Ground Time;Solving Time;SAT;Additional Data
base_ipf;0.5084474086761475;0.29883480072021484;0.20961260795593262;True;"{""npaths"": 132.0, ""use_optimization"": false, ""horizon_modifier"": 0, ""additional_paths_computation"": false, ""additional_paths_horizon_modifier"": 2, ""nagent"": 15}"
heatmaps;0.3210606575012207;0.3210606575012207;0;True;{}
simple_threshold;0.0074007511138916016;0.0074007511138916016;0;True;"{""ncritical_vertex"": 34, ""bias"": 1}"
path_elimination;0.1173560619354248;0.0779428482055664;0.0394132137298584;True;{}
path_selection;0.13268613815307617;0.09281301498413086;0.03987312316894531;True;{}
strategy;0.1248941421508789;0.08596014976501465;0.03893399238586426;True;{}
partial_solving;3.7374510765075684;3.3561229705810547;0.38132810592651367;True;"{""horizon"": 43, ""ngoal_reached"": 15, ""subgraph"": ""mapf/subgraph.lp"", ""precomputed_path"": false, ""nagent"": 15}"
