Step Name;Total Time;Ground Time;Solving Time;SAT;Additional Data
base_mapf;0.1417999267578125;0.1378469467163086;0.003952980041503906;True;"{""horizon"": 15}"
mapf_additional_horizon;0.1610090732574463;0.15704011917114258;0.003968954086303711;True;"{""horizon"": 16}"
mapf_additional_horizon;0.18175411224365234;0.17596912384033203;0.0057849884033203125;True;"{""horizon"": 18}"
mapf_additional_horizon;0.21154093742370605;0.20580601692199707;0.005734920501708984;True;"{""horizon"": 20}"
