Step Name;Total Time;Ground Time;Solving Time;SAT;Additional Data
base_ipf;1.0381300449371338;0.7350454330444336;0.3030846118927002;True;"{""npaths"": 150.0, ""use_optimization"": false, ""horizon_modifier"": 0, ""additional_paths_computation"": false, ""additional_paths_horizon_modifier"": 2, ""nagent"": 10}"
heatmaps;0.22110700607299805;0.22110700607299805;0;True;{}
simple_threshold;0.005785465240478516;0.005785465240478516;0;True;"{""ncritical_vertex"": 6, ""bias"": 1}"
path_elimination;0.13647103309631348;0.08865213394165039;0.047818899154663086;True;{}
path_selection;0.14583110809326172;0.09679198265075684;0.04903912544250488;True;{}
strategy;0.15119004249572754;0.09928083419799805;0.05190920829772949;True;{}
partial_solving;1.6067571640014648;1.5062580108642578;0.10049915313720703;True;"{""horizon"": 29, ""ngoal_reached"": 10, ""subgraph"": ""mapf/subgraph.lp"", ""precomputed_path"": false, ""nagent"": 10}"
