Step Name;Total Time;Ground Time;Solving Time;SAT;Additional Data
base_mapf;10.21741008758545;10.122189998626709;0.09522008895874023;True;"{""horizon"": 29}"
mapf_additional_horizon;11.352240085601807;11.243427038192749;0.10881304740905762;True;"{""horizon"": 30}"
mapf_additional_horizon;11.041290044784546;10.908802032470703;0.13248801231384277;True;"{""horizon"": 32}"
mapf_additional_horizon;12.13512396812439;11.994424819946289;0.14069914817810059;True;"{""horizon"": 34}"
