Step Name;Total Time;Ground Time;Solving Time;SAT;Additional Data
base_mapf;1.5865838527679443;1.559687852859497;0.026895999908447266;True;"{""horizon"": 25}"
mapf_additional_horizon;1.728407859802246;1.6989598274230957;0.02944803237915039;True;"{""horizon"": 26}"
mapf_additional_horizon;2.2294790744781494;2.1908740997314453;0.0386049747467041;True;"{""horizon"": 28}"
mapf_additional_horizon;1.9975299835205078;1.958024024963379;0.039505958557128906;True;"{""horizon"": 30}"
