Step Name;Total Time;Ground Time;Solving Time;SAT;Additional Data
base_mapf;111.96404504776001;111.51129007339478;0.4527549743652344;True;"{""horizon"": 37}"
mapf_additional_horizon;117.74945712089539;117.22363114356995;0.5258259773254395;True;"{""horizon"": 38}"
mapf_additional_horizon;125.38139796257019;124.7728180885315;0.6085798740386963;True;"{""horizon"": 40}"
mapf_additional_horizon;135.7976438999176;135.1498658657074;0.6477780342102051;True;"{""horizon"": 42}"
