Step Name;Total Time;Ground Time;Solving Time;SAT;Additional Data
base_mapf;26.48046612739563;26.224204063415527;0.25626206398010254;True;"{""horizon"": 50}"
mapf_additional_horizon;27.55826687812805;27.265110969543457;0.2931559085845947;True;"{""horizon"": 51}"
mapf_additional_horizon;28.510595083236694;28.158699989318848;0.3518950939178467;True;"{""horizon"": 53}"
mapf_additional_horizon;30.121150970458984;29.765496969223022;0.3556540012359619;True;"{""horizon"": 55}"
