Step Name;Total Time;Ground Time;Solving Time;SAT;Additional Data
base_ipf;1.2635557651519775;0.7571897506713867;0.5063660144805908;True;"{""npaths"": 280.0, ""use_optimization"": false, ""horizon_modifier"": 0, ""additional_paths_computation"": false, ""additional_paths_horizon_modifier"": 2, ""nagent"": 20}"
heatmaps;0.35129594802856445;0.35129594802856445;0;True;{}
simple_threshold;0.0064334869384765625;0.0064334869384765625;0;True;"{""ncritical_vertex"": 13, ""bias"": 1}"
path_elimination;0.19737982749938965;0.11459589004516602;0.08278393745422363;True;{}
path_selection;0.21996498107910156;0.13132596015930176;0.0886390209197998;True;{}
strategy;0.21822190284729004;0.13206696510314941;0.08615493774414062;True;{}
partial_solving;4.274569988250732;4.0702619552612305;0.20430803298950195;True;"{""horizon"": 26, ""ngoal_reached"": 20, ""subgraph"": ""mapf/subgraph.lp"", ""precomputed_path"": false, ""nagent"": 20}"
