Step Name;Total Time;Ground Time;Solving Time;SAT;Additional Data
base_mapf;22.321934938430786;22.155246019363403;0.1666889190673828;True;"{""horizon"": 26}"
mapf_additional_horizon;22.495919942855835;22.304795026779175;0.19112491607666016;True;"{""horizon"": 27}"
mapf_additional_horizon;25.6933810710907;25.468127012252808;0.22525405883789062;True;"{""horizon"": 29}"
mapf_additional_horizon;27.249449014663696;26.991461992263794;0.25798702239990234;True;"{""horizon"": 31}"
