Step Name;Total Time;Ground Time;Solving Time;SAT;Additional Data
base_ipf;0.2649679183959961;0.20695233345031738;0.05801558494567871;True;"{""npaths"": 63.0, ""use_optimization"": false, ""horizon_modifier"": 0, ""additional_paths_computation"": false, ""additional_paths_horizon_modifier"": 2, ""nagent"": 5}"
heatmaps;0.0793142318725586;0.0793142318725586;0;True;{}
simple_threshold;0.004704952239990234;0.004704952239990234;0;True;"{""ncritical_vertex"": 1, ""bias"": 1}"
path_elimination;0.04329991340637207;0.032080888748168945;0.011219024658203125;True;{}
path_selection;0.04791402816772461;0.035410165786743164;0.012503862380981445;True;{}
strategy;0.05573582649230957;0.041496992111206055;0.014238834381103516;True;{}
partial_solving;0.3579440116882324;0.3254549503326416;0.03248906135559082;True;"{""horizon"": 25, ""ngoal_reached"": 5, ""subgraph"": ""mapf/subgraph.lp"", ""precomputed_path"": false, ""nagent"": 5}"
