Step Name;Total Time;Ground Time;Solving Time;SAT;Additional Data
base_mapf;10.4738290309906;10.31293511390686;0.16089391708374023;True;"{""horizon"": 30}"
mapf_additional_horizon;10.823041200637817;10.674437046051025;0.148604154586792;True;"{""horizon"": 31}"
mapf_additional_horizon;11.429857015609741;11.240461111068726;0.18939590454101562;True;"{""horizon"": 33}"
mapf_additional_horizon;13.11387586593628;12.819920063018799;0.29395580291748047;True;"{""horizon"": 35}"
